{
    "094_WSD_id_66_WebService_tr_3309_1st_3914_name_list.json": {
        "CNN": {
            "final_meata": 0,
            "meata": 0.6478810315404034,
            "meata_w_gt": 0.12543712117054082,
            "meata_w_near_ngt": 0.893215191971653,
            "meata_w_distant_ngt": 0.9249907814790157,
            "meata_w_ngt": 0.9091029867253344
        },
        "FFT": {
            "final_meata": 0,
            "meata": 0.37645963198548005,
            "meata_w_gt": 0.11045391637345306,
            "meata_w_near_ngt": 0.3424014973155555,
            "meata_w_distant_ngt": 0.6765234822674313,
            "meata_w_ngt": 0.5094624897914934
        }
    }
}