{
    "808_YAHOO_id_258_WebService_tr_500_1st_142_name_list.json": {
        "SR": {
            "final_meata": 0.7103936290538724,
            "meata": 0.7103936290538724,
            "meata_w_gt": 0.43417592743482786,
            "meata_w_near_ngt": 0.8176348511904763,
            "meata_w_distant_ngt": 0.8793701085363127,
            "meata_w_ngt": 0.8485024798633944
        },
        "KMeansAD_U": {
            "final_meata": 0.4732248385682449,
            "meata": 0.4732248385682449,
            "meata_w_gt": 0.41442551457631854,
            "meata_w_near_ngt": 0.2527982638888889,
            "meata_w_distant_ngt": 0.752450737239527,
            "meata_w_ngt": 0.5026245005642079
        },
        "Sub_KNN": {
            "final_meata": 0.4321154385012987,
            "meata": 0.4321154385012987,
            "meata_w_gt": 0.3542589818689309,
            "meata_w_near_ngt": 0.13874358121141978,
            "meata_w_distant_ngt": 0.8033437524235452,
            "meata_w_ngt": 0.47104366681748244
        },
        "TimesNet": {
            "final_meata": 0.4113557288412297,
            "meata": 0.4113557288412297,
            "meata_w_gt": 0.00024768666627782604,
            "meata_w_near_ngt": 0.4153912776056402,
            "meata_w_distant_ngt": 0.8184282222517709,
            "meata_w_ngt": 0.6169097499287055
        }
    }
}